{"cameraMode":{"drawMode":0,"name":"Shaded","section":"Shading Mode"},"sceneLighting":false,"audioPlay":false,"sceneViewState":{"m_AlwaysRefresh":true,"showFog":true,"showSkybox":false,"showFlares":true,"showImageEffects":true,"showParticleSystems":true,"showVisualEffectGraphs":true,"m_FxEnabled":true},"in2DMode":false,"pivot":{"x":-0.000001430511474609375,"y":-0.0940927267074585,"z":2.384185791015625e-7},"rotation":{"x":-0.05239289626479149,"y":-0.7198818325996399,"z":0.05526188760995865,"w":-0.6902362704277039},"size":2.5668158531188967,"orthographic":false}