{"cameraMode":{"drawMode":0,"name":"Shaded","section":"Shading Mode"},"sceneLighting":true,"audioPlay":false,"sceneViewState":{"m_AlwaysRefresh":true,"showFog":true,"showSkybox":true,"showFlares":true,"showImageEffects":true,"showParticleSystems":true,"showVisualEffectGraphs":true,"m_FxEnabled":true},"in2DMode":false,"pivot":{"x":134.70938110351563,"y":9.338351249694825,"z":-27.973003387451173},"rotation":{"x":-0.3011583685874939,"y":-0.0023000547662377359,"z":-0.0075814388692379,"w":-0.9542114734649658},"size":43.26622772216797,"orthographic":false}